[{"model": "admin.logentry", "pk": 1, "fields": {"action_time": "2022-08-14T21:24:51.730Z", "user": 1, "content_type": 7, "object_id": "1", "object_repr": "blossomingbouquets.example.com", "action_flag": 2, "change_message": "[{\"changed\": {\"fields\": [\"Domain name\", \"Display name\"]}}]"}}, {"model": "admin.logentry", "pk": 2, "fields": {"action_time": "2022-08-14T21:35:46.523Z", "user": 1, "content_type": 8, "object_id": "1", "object_repr": "jaime@test.com", "action_flag": 2, "change_message": "[{\"changed\": {\"fields\": [\"Verified\", \"Primary\"]}}]"}}, {"model": "admin.logentry", "pk": 3, "fields": {"action_time": "2022-09-07T13:02:21.603Z", "user": 1, "content_type": 14, "object_id": "1", "object_repr": "Wedding", "action_flag": 1, "change_message": "[{\"added\": {}}]"}}, {"model": "admin.logentry", "pk": 4, "fields": {"action_time": "2022-09-07T13:02:28.715Z", "user": 1, "content_type": 14, "object_id": "2", "object_repr": "Any occasion", "action_flag": 1, "change_message": "[{\"added\": {}}]"}}, {"model": "admin.logentry", "pk": 5, "fields": {"action_time": "2022-09-07T13:02:34.483Z", "user": 1, "content_type": 14, "object_id": "3", "object_repr": "Baskets", "action_flag": 1, "change_message": "[{\"added\": {}}]"}}, {"model": "admin.logentry", "pk": 6, "fields": {"action_time": "2022-09-07T13:10:12.007Z", "user": 1, "content_type": 14, "object_id": "3", "object_repr": "Basket", "action_flag": 2, "change_message": "[{\"changed\": {\"fields\": [\"Name\"]}}]"}}, {"model": "admin.logentry", "pk": 7, "fields": {"action_time": "2022-09-07T19:57:05.802Z", "user": 1, "content_type": 13, "object_id": "1", "object_repr": "Baby blue", "action_flag": 1, "change_message": "[{\"added\": {}}]"}}, {"model": "admin.logentry", "pk": 8, "fields": {"action_time": "2022-09-07T19:58:45.984Z", "user": 1, "content_type": 13, "object_id": "2", "object_repr": "Blossoming blue", "action_flag": 1, "change_message": "[{\"added\": {}}]"}}, {"model": "admin.logentry", "pk": 9, "fields": {"action_time": "2022-09-07T20:02:16.664Z", "user": 1, "content_type": 13, "object_id": "3", "object_repr": "Crisp linen", "action_flag": 1, "change_message": "[{\"added\": {}}]"}}, {"model": "admin.logentry", "pk": 10, "fields": {"action_time": "2022-09-07T20:02:26.782Z", "user": 1, "content_type": 13, "object_id": "2", "object_repr": "Blossoming blue", "action_flag": 2, "change_message": "[{\"changed\": {\"fields\": [\"Image\"]}}]"}}, {"model": "admin.logentry", "pk": 11, "fields": {"action_time": "2022-09-07T20:02:45.883Z", "user": 1, "content_type": 13, "object_id": "1", "object_repr": "Baby blue", "action_flag": 2, "change_message": "[{\"changed\": {\"fields\": [\"Image\"]}}]"}}, {"model": "admin.logentry", "pk": 12, "fields": {"action_time": "2022-09-07T20:03:20.513Z", "user": 1, "content_type": 13, "object_id": "1", "object_repr": "Baby blue", "action_flag": 2, "change_message": "[{\"changed\": {\"fields\": [\"Image\"]}}]"}}, {"model": "admin.logentry", "pk": 13, "fields": {"action_time": "2022-09-07T20:04:29.256Z", "user": 1, "content_type": 13, "object_id": "4", "object_repr": "Delicate snow", "action_flag": 1, "change_message": "[{\"added\": {}}]"}}, {"model": "admin.logentry", "pk": 14, "fields": {"action_time": "2022-09-07T20:05:49.355Z", "user": 1, "content_type": 13, "object_id": "5", "object_repr": "Glamorous red", "action_flag": 1, "change_message": "[{\"added\": {}}]"}}, {"model": "admin.logentry", "pk": 15, "fields": {"action_time": "2022-09-07T20:06:43.536Z", "user": 1, "content_type": 13, "object_id": "6", "object_repr": "Ivory mist", "action_flag": 1, "change_message": "[{\"added\": {}}]"}}, {"model": "admin.logentry", "pk": 16, "fields": {"action_time": "2022-09-07T20:06:54.654Z", "user": 1, "content_type": 13, "object_id": "6", "object_repr": "Ivory mist", "action_flag": 2, "change_message": "[{\"changed\": {\"fields\": [\"Category\"]}}]"}}, {"model": "admin.logentry", "pk": 17, "fields": {"action_time": "2022-09-07T20:08:34.891Z", "user": 1, "content_type": 13, "object_id": "7", "object_repr": "Joyful pink", "action_flag": 1, "change_message": "[{\"added\": {}}]"}}, {"model": "admin.logentry", "pk": 18, "fields": {"action_time": "2022-09-07T20:10:07.351Z", "user": 1, "content_type": 13, "object_id": "8", "object_repr": "Peach swirl", "action_flag": 1, "change_message": "[{\"added\": {}}]"}}, {"model": "admin.logentry", "pk": 19, "fields": {"action_time": "2022-09-07T20:11:18.951Z", "user": 1, "content_type": 13, "object_id": "9", "object_repr": "Pink cascade", "action_flag": 1, "change_message": "[{\"added\": {}}]"}}, {"model": "admin.logentry", "pk": 20, "fields": {"action_time": "2022-09-07T20:12:51.962Z", "user": 1, "content_type": 13, "object_id": "10", "object_repr": "Pink confetti", "action_flag": 1, "change_message": "[{\"added\": {}}]"}}, {"model": "admin.logentry", "pk": 21, "fields": {"action_time": "2022-09-07T20:13:59.580Z", "user": 1, "content_type": 13, "object_id": "11", "object_repr": "Pretty peach", "action_flag": 1, "change_message": "[{\"added\": {}}]"}}, {"model": "admin.logentry", "pk": 22, "fields": {"action_time": "2022-09-07T20:15:21.332Z", "user": 1, "content_type": 13, "object_id": "12", "object_repr": "Pink spray", "action_flag": 1, "change_message": "[{\"added\": {}}]"}}, {"model": "admin.logentry", "pk": 23, "fields": {"action_time": "2022-09-07T20:16:56.955Z", "user": 1, "content_type": 13, "object_id": "13", "object_repr": "Precious pink", "action_flag": 1, "change_message": "[{\"added\": {}}]"}}, {"model": "admin.logentry", "pk": 24, "fields": {"action_time": "2022-09-07T20:17:50.753Z", "user": 1, "content_type": 13, "object_id": "14", "object_repr": "Pretty pink", "action_flag": 1, "change_message": "[{\"added\": {}}]"}}, {"model": "admin.logentry", "pk": 25, "fields": {"action_time": "2022-09-07T20:19:32.694Z", "user": 1, "content_type": 13, "object_id": "15", "object_repr": "Purple galaxy", "action_flag": 1, "change_message": "[{\"added\": {}}]"}}, {"model": "admin.logentry", "pk": 26, "fields": {"action_time": "2022-09-07T20:22:25.000Z", "user": 1, "content_type": 13, "object_id": "16", "object_repr": "Purple mist", "action_flag": 1, "change_message": "[{\"added\": {}}]"}}, {"model": "admin.logentry", "pk": 27, "fields": {"action_time": "2022-09-07T20:23:24.752Z", "user": 1, "content_type": 13, "object_id": "17", "object_repr": "Purple plum", "action_flag": 1, "change_message": "[{\"added\": {}}]"}}, {"model": "admin.logentry", "pk": 28, "fields": {"action_time": "2022-09-07T20:24:24.546Z", "user": 1, "content_type": 13, "object_id": "18", "object_repr": "Spring bloom", "action_flag": 1, "change_message": "[{\"added\": {}}]"}}, {"model": "admin.logentry", "pk": 29, "fields": {"action_time": "2022-09-07T20:25:40.529Z", "user": 1, "content_type": 13, "object_id": "19", "object_repr": "Summer bloom", "action_flag": 1, "change_message": "[{\"added\": {}}]"}}, {"model": "admin.logentry", "pk": 30, "fields": {"action_time": "2022-09-07T20:26:32.829Z", "user": 1, "content_type": 13, "object_id": "20", "object_repr": "Summer garden", "action_flag": 1, "change_message": "[{\"added\": {}}]"}}, {"model": "admin.logentry", "pk": 31, "fields": {"action_time": "2022-09-07T20:27:26.980Z", "user": 1, "content_type": 13, "object_id": "21", "object_repr": "Summer meadow", "action_flag": 1, "change_message": "[{\"added\": {}}]"}}, {"model": "admin.logentry", "pk": 32, "fields": {"action_time": "2022-09-07T20:28:21.016Z", "user": 1, "content_type": 13, "object_id": "22", "object_repr": "Summer rays", "action_flag": 1, "change_message": "[{\"added\": {}}]"}}, {"model": "admin.logentry", "pk": 33, "fields": {"action_time": "2022-09-07T20:30:45.729Z", "user": 1, "content_type": 13, "object_id": "23", "object_repr": "Summer sunshine", "action_flag": 1, "change_message": "[{\"added\": {}}]"}}, {"model": "admin.logentry", "pk": 34, "fields": {"action_time": "2022-09-07T20:31:58.908Z", "user": 1, "content_type": 13, "object_id": "24", "object_repr": "Sunbeam surprise", "action_flag": 1, "change_message": "[{\"added\": {}}]"}}, {"model": "admin.logentry", "pk": 35, "fields": {"action_time": "2022-09-07T20:33:05.102Z", "user": 1, "content_type": 13, "object_id": "25", "object_repr": "Sweetheart basket", "action_flag": 1, "change_message": "[{\"added\": {}}]"}}, {"model": "admin.logentry", "pk": 36, "fields": {"action_time": "2022-09-07T20:33:56.114Z", "user": 1, "content_type": 13, "object_id": "26", "object_repr": "White bloom", "action_flag": 1, "change_message": "[{\"added\": {}}]"}}, {"model": "admin.logentry", "pk": 37, "fields": {"action_time": "2022-09-20T18:13:41.286Z", "user": 1, "content_type": 13, "object_id": "22", "object_repr": "Summer rays", "action_flag": 2, "change_message": "[{\"changed\": {\"fields\": [\"Price\"]}}]"}}, {"model": "admin.logentry", "pk": 38, "fields": {"action_time": "2022-09-20T22:24:31.144Z", "user": 1, "content_type": 13, "object_id": "22", "object_repr": "Summer Rays", "action_flag": 2, "change_message": "[{\"changed\": {\"fields\": [\"Name\"]}}]"}}, {"model": "admin.logentry", "pk": 39, "fields": {"action_time": "2022-09-20T22:24:37.998Z", "user": 1, "content_type": 13, "object_id": "21", "object_repr": "Summer Meadow", "action_flag": 2, "change_message": "[{\"changed\": {\"fields\": [\"Name\"]}}]"}}, {"model": "admin.logentry", "pk": 40, "fields": {"action_time": "2022-09-20T22:24:45.833Z", "user": 1, "content_type": 13, "object_id": "18", "object_repr": "Spring Bloom", "action_flag": 2, "change_message": "[{\"changed\": {\"fields\": [\"Name\"]}}]"}}, {"model": "admin.logentry", "pk": 41, "fields": {"action_time": "2022-09-20T22:24:52.910Z", "user": 1, "content_type": 13, "object_id": "12", "object_repr": "Pink Spray", "action_flag": 2, "change_message": "[{\"changed\": {\"fields\": [\"Name\"]}}]"}}, {"model": "admin.logentry", "pk": 42, "fields": {"action_time": "2022-09-20T22:25:38.985Z", "user": 1, "content_type": 13, "object_id": "1", "object_repr": "Baby Blue", "action_flag": 2, "change_message": "[{\"changed\": {\"fields\": [\"Name\"]}}]"}}, {"model": "admin.logentry", "pk": 43, "fields": {"action_time": "2022-09-20T22:26:33.155Z", "user": 1, "content_type": 13, "object_id": "26", "object_repr": "White Bloom", "action_flag": 2, "change_message": "[{\"changed\": {\"fields\": [\"Name\"]}}]"}}, {"model": "admin.logentry", "pk": 44, "fields": {"action_time": "2022-09-20T22:26:39.936Z", "user": 1, "content_type": 13, "object_id": "24", "object_repr": "Sunbeam Surprise", "action_flag": 2, "change_message": "[{\"changed\": {\"fields\": [\"Name\"]}}]"}}, {"model": "admin.logentry", "pk": 45, "fields": {"action_time": "2022-09-20T22:26:48.673Z", "user": 1, "content_type": 13, "object_id": "23", "object_repr": "Summer Sunshine", "action_flag": 2, "change_message": "[{\"changed\": {\"fields\": [\"Name\"]}}]"}}, {"model": "admin.logentry", "pk": 46, "fields": {"action_time": "2022-09-20T22:27:30.899Z", "user": 1, "content_type": 13, "object_id": "19", "object_repr": "Summer Bloom", "action_flag": 2, "change_message": "[{\"changed\": {\"fields\": [\"Name\"]}}]"}}, {"model": "admin.logentry", "pk": 47, "fields": {"action_time": "2022-09-20T22:27:37.532Z", "user": 1, "content_type": 13, "object_id": "17", "object_repr": "Purple Plum", "action_flag": 2, "change_message": "[{\"changed\": {\"fields\": [\"Name\"]}}]"}}, {"model": "admin.logentry", "pk": 48, "fields": {"action_time": "2022-09-20T22:27:45.647Z", "user": 1, "content_type": 13, "object_id": "16", "object_repr": "Purple Mist", "action_flag": 2, "change_message": "[{\"changed\": {\"fields\": [\"Name\"]}}]"}}, {"model": "admin.logentry", "pk": 49, "fields": {"action_time": "2022-09-20T22:27:54.432Z", "user": 1, "content_type": 13, "object_id": "15", "object_repr": "Purple Galaxy", "action_flag": 2, "change_message": "[{\"changed\": {\"fields\": [\"Name\"]}}]"}}, {"model": "admin.logentry", "pk": 50, "fields": {"action_time": "2022-09-20T22:28:20.425Z", "user": 1, "content_type": 13, "object_id": "14", "object_repr": "Pretty Pink", "action_flag": 2, "change_message": "[{\"changed\": {\"fields\": [\"Name\"]}}]"}}, {"model": "admin.logentry", "pk": 51, "fields": {"action_time": "2022-09-20T22:28:29.248Z", "user": 1, "content_type": 13, "object_id": "13", "object_repr": "Precious Pink", "action_flag": 2, "change_message": "[{\"changed\": {\"fields\": [\"Name\"]}}]"}}, {"model": "admin.logentry", "pk": 52, "fields": {"action_time": "2022-09-20T22:28:37.901Z", "user": 1, "content_type": 13, "object_id": "11", "object_repr": "Pretty Peach", "action_flag": 2, "change_message": "[{\"changed\": {\"fields\": [\"Name\"]}}]"}}, {"model": "admin.logentry", "pk": 53, "fields": {"action_time": "2022-09-20T22:28:47.196Z", "user": 1, "content_type": 13, "object_id": "8", "object_repr": "Peach Swirl", "action_flag": 2, "change_message": "[{\"changed\": {\"fields\": [\"Name\"]}}]"}}, {"model": "admin.logentry", "pk": 54, "fields": {"action_time": "2022-09-20T22:28:55.599Z", "user": 1, "content_type": 13, "object_id": "7", "object_repr": "Joyful Pink", "action_flag": 2, "change_message": "[{\"changed\": {\"fields\": [\"Name\"]}}]"}}, {"model": "admin.logentry", "pk": 55, "fields": {"action_time": "2022-09-20T22:29:04.370Z", "user": 1, "content_type": 13, "object_id": "5", "object_repr": "Glamorous Red", "action_flag": 2, "change_message": "[{\"changed\": {\"fields\": [\"Name\"]}}]"}}, {"model": "admin.logentry", "pk": 56, "fields": {"action_time": "2022-09-20T22:29:12.076Z", "user": 1, "content_type": 13, "object_id": "4", "object_repr": "Delicate Snow", "action_flag": 2, "change_message": "[{\"changed\": {\"fields\": [\"Name\"]}}]"}}, {"model": "admin.logentry", "pk": 57, "fields": {"action_time": "2022-09-20T22:29:21.298Z", "user": 1, "content_type": 13, "object_id": "3", "object_repr": "Crisp Linen", "action_flag": 2, "change_message": "[{\"changed\": {\"fields\": [\"Name\"]}}]"}}, {"model": "admin.logentry", "pk": 58, "fields": {"action_time": "2022-09-20T22:29:32.885Z", "user": 1, "content_type": 13, "object_id": "2", "object_repr": "Blossoming Blue", "action_flag": 2, "change_message": "[{\"changed\": {\"fields\": [\"Name\"]}}]"}}, {"model": "admin.logentry", "pk": 59, "fields": {"action_time": "2022-09-20T22:29:42.361Z", "user": 1, "content_type": 13, "object_id": "25", "object_repr": "Sweetheart Basket", "action_flag": 2, "change_message": "[{\"changed\": {\"fields\": [\"Name\"]}}]"}}, {"model": "admin.logentry", "pk": 60, "fields": {"action_time": "2022-09-20T22:29:51.778Z", "user": 1, "content_type": 13, "object_id": "20", "object_repr": "Summer Garden", "action_flag": 2, "change_message": "[{\"changed\": {\"fields\": [\"Name\"]}}]"}}, {"model": "admin.logentry", "pk": 61, "fields": {"action_time": "2022-09-20T22:30:00.075Z", "user": 1, "content_type": 13, "object_id": "10", "object_repr": "Pink Confetti", "action_flag": 2, "change_message": "[{\"changed\": {\"fields\": [\"Name\"]}}]"}}, {"model": "admin.logentry", "pk": 62, "fields": {"action_time": "2022-09-20T22:30:08.457Z", "user": 1, "content_type": 13, "object_id": "9", "object_repr": "Pink Cascade", "action_flag": 2, "change_message": "[{\"changed\": {\"fields\": [\"Name\"]}}]"}}, {"model": "admin.logentry", "pk": 63, "fields": {"action_time": "2022-09-20T22:30:18.168Z", "user": 1, "content_type": 13, "object_id": "6", "object_repr": "Ivory Mist", "action_flag": 2, "change_message": "[{\"changed\": {\"fields\": [\"Name\"]}}]"}}, {"model": "admin.logentry", "pk": 64, "fields": {"action_time": "2022-09-22T22:36:19.340Z", "user": 1, "content_type": 13, "object_id": "18", "object_repr": "Spring Bloom", "action_flag": 2, "change_message": "[{\"changed\": {\"fields\": [\"Image\"]}}]"}}, {"model": "admin.logentry", "pk": 65, "fields": {"action_time": "2022-09-22T23:14:52.342Z", "user": 1, "content_type": 13, "object_id": "18", "object_repr": "Spring Bloom", "action_flag": 2, "change_message": "[{\"changed\": {\"fields\": [\"Image\"]}}]"}}, {"model": "admin.logentry", "pk": 66, "fields": {"action_time": "2022-09-23T20:41:09.555Z", "user": 1, "content_type": 13, "object_id": "18", "object_repr": "Spring Bloom", "action_flag": 2, "change_message": "[{\"changed\": {\"fields\": [\"Image\"]}}]"}}, {"model": "admin.logentry", "pk": 67, "fields": {"action_time": "2022-09-23T21:05:40.432Z", "user": 1, "content_type": 13, "object_id": "18", "object_repr": "Spring Bloom", "action_flag": 2, "change_message": "[{\"changed\": {\"fields\": [\"Image\"]}}]"}}, {"model": "admin.logentry", "pk": 68, "fields": {"action_time": "2022-09-23T21:06:42.852Z", "user": 1, "content_type": 13, "object_id": "18", "object_repr": "Spring Bloom", "action_flag": 2, "change_message": "[{\"changed\": {\"fields\": [\"Image\"]}}]"}}, {"model": "admin.logentry", "pk": 69, "fields": {"action_time": "2022-09-24T17:13:32.447Z", "user": 1, "content_type": 16, "object_id": "1", "object_repr": "93678C2F0E2D4BCD95E5E7024757DF2C", "action_flag": 3, "change_message": ""}}, {"model": "admin.logentry", "pk": 70, "fields": {"action_time": "2022-09-24T17:15:59.150Z", "user": 1, "content_type": 16, "object_id": "2", "object_repr": "D89842980A1946C3B1A573DCB215E093", "action_flag": 2, "change_message": "[{\"changed\": {\"name\": \"order line item\", \"object\": \"SKU CL-CR-ANO-02 on order D89842980A1946C3B1A573DCB215E093\", \"fields\": [\"Quantity\"]}}]"}}, {"model": "admin.logentry", "pk": 71, "fields": {"action_time": "2022-09-24T17:16:54.919Z", "user": 1, "content_type": 16, "object_id": "2", "object_repr": "D89842980A1946C3B1A573DCB215E093", "action_flag": 2, "change_message": "[{\"changed\": {\"name\": \"order line item\", \"object\": \"SKU CL-CR-ANO-02 on order D89842980A1946C3B1A573DCB215E093\", \"fields\": [\"Quantity\"]}}]"}}, {"model": "admin.logentry", "pk": 72, "fields": {"action_time": "2022-09-24T17:17:42.208Z", "user": 1, "content_type": 16, "object_id": "2", "object_repr": "D89842980A1946C3B1A573DCB215E093", "action_flag": 2, "change_message": "[{\"deleted\": {\"name\": \"order line item\", \"object\": \"SKU CL-CR-ANO-02 on order D89842980A1946C3B1A573DCB215E093\"}}, {\"deleted\": {\"name\": \"order line item\", \"object\": \"SKU PS-PW-WED-02 on order D89842980A1946C3B1A573DCB215E093\"}}]"}}, {"model": "admin.logentry", "pk": 73, "fields": {"action_time": "2022-09-24T17:18:10.762Z", "user": 1, "content_type": 16, "object_id": "2", "object_repr": "D89842980A1946C3B1A573DCB215E093", "action_flag": 3, "change_message": ""}}, {"model": "admin.logentry", "pk": 74, "fields": {"action_time": "2022-09-28T20:18:35.776Z", "user": 1, "content_type": 13, "object_id": "27", "object_repr": "TEST", "action_flag": 3, "change_message": ""}}, {"model": "admin.logentry", "pk": 75, "fields": {"action_time": "2022-09-28T20:18:35.779Z", "user": 1, "content_type": 13, "object_id": "28", "object_repr": "test2", "action_flag": 3, "change_message": ""}}, {"model": "auth.user", "pk": 1, "fields": {"password": "pbkdf2_sha256$260000$YqqB4VPqxLdRnHRLqLHKXA$n2hadcSR7MoqT3Rg+aj7xDYgTQF7Wwkkck+cFQehJ+M=", "last_login": "2022-09-29T21:32:40.660Z", "is_superuser": true, "username": "jaime", "first_name": "", "last_name": "", "email": "jaime@test.com", "is_staff": true, "is_active": true, "date_joined": "2022-08-13T19:09:14.373Z", "groups": [], "user_permissions": []}}, {"model": "auth.user", "pk": 2, "fields": {"password": "pbkdf2_sha256$260000$PSVNSRLd5KDyDFI3OteJaA$g9rkEeoJsqZHwqXgeJdkMjJJBOO+PZM8bJGGa4Xh8lg=", "last_login": null, "is_superuser": false, "username": "testjp", "first_name": "", "last_name": "", "email": "test@jp.com", "is_staff": false, "is_active": true, "date_joined": "2022-09-26T19:43:31.826Z", "groups": [], "user_permissions": []}}, {"model": "auth.user", "pk": 3, "fields": {"password": "pbkdf2_sha256$260000$wxkWaCMNrWeLpy1VTeDbfU$SlDpzO9mz/2mOeCnX7mJMld/z4JyiRO24s+GbJunUms=", "last_login": null, "is_superuser": false, "username": "jptest", "first_name": "", "last_name": "", "email": "jp@test.com", "is_staff": false, "is_active": true, "date_joined": "2022-09-26T19:45:24.520Z", "groups": [], "user_permissions": []}}, {"model": "auth.user", "pk": 4, "fields": {"password": "pbkdf2_sha256$260000$h0Z28CGPRSSkoaDXV1xKsa$1b5vhnBodxj4IOKdd6BXPJZuMSRdLBvTYL3k8XhFlMY=", "last_login": "2022-09-29T21:35:04.963Z", "is_superuser": false, "username": "jaimetest", "first_name": "", "last_name": "", "email": "jaimetest@jp.com", "is_staff": false, "is_active": true, "date_joined": "2022-09-26T19:53:40.640Z", "groups": [], "user_permissions": []}}, {"model": "sessions.session", "pk": "0wd1ise7vjujlyesha8k3u6rc941050h", "fields": {"session_data": "e30:1octo5:cS-vWC95WQ4raRujGzRKs7752UccPQcw5K6Go8Ro3Tk", "expire_date": "2022-10-10T19:30:21.491Z"}}, {"model": "sessions.session", "pk": "2wkbmoyhjzydiw76nks50ktn403gcuf7", "fields": {"session_data": ".eJxVjrluwzAQRH-F2JogqIuHyvSpUloGwWMjyVHERBSBGIb_PRSgImnfvJndBxib98nkhJuZA_RQAf3LnPUfuB5BuNl1jMzHdd9mxw6FnWlirzHg8nK6_wYmm6ajrRGD1IIL5ZzWgTdKBOu7SjjZcit5g0rKindNqFsuhLbcY2iFtF46LdQxmjClOa4Gf77m7Q49p-DsCP0DagV99SzKZ1HsiKlcvFwGMOaWSuGkA1DCKak7SgZ4y94X_J6X5U7K87hjIDVxMX9n3BMb4HqF5y_lYV3S:1oddVr:v9lC9Xy_NB8B0N7Uwul3TmAataVrXtiibsEAg-gN49Y", "expire_date": "2022-10-12T20:18:35.785Z"}}, {"model": "sessions.session", "pk": "afi1a8csitbjjes3njdaauuhzyiz8phy", "fields": {"session_data": ".eJxVjEEOwiAQRe_C2pCpbQfo0r1nIAMzsagBU9pEY7y7IelCt_-9_97K07bOfquy-MRqUp06_G6B4k1yA3ylfCk6lrwuKeim6J1WfS4s99Pu_gVmqnN7OxE2DgFtCM4x9BaZ4thhMAOQgV6sMR2MPR8HQHQEUXhAQ9EEh7ZFq9SaSvbyfKTlpSb4fAF2gz6V:1oNLHP:QVtYdgyMzet4IvD6DimKWKGNvmP-1LyYp6ejbr8k7v4", "expire_date": "2022-08-28T21:36:19.813Z"}}, {"model": "sessions.session", "pk": "d0prz1u7ussriiuoiicodd9xlux26fer", "fields": {"session_data": "eyJiYWciOnsiMSI6MiwiMiI6MSwiMTgiOjEsIjUiOjEsIjMiOjF9fQ:1obsKs:tKbbvHqJ9gTAQ4XjHxdvCBm38eaNRNNsSbhNu5FBZxY", "expire_date": "2022-10-07T23:43:58.063Z"}}, {"model": "sessions.session", "pk": "hdqf5p9tkbhtny5ey9a2xzwbnk23blhx", "fields": {"session_data": ".eJxVjEEOwiAQRe_C2pCpbQfo0r1nIAMzsagBU9pEY7y7IelCt_-9_97K07bOfquy-MRqUp06_G6B4k1yA3ylfCk6lrwuKeim6J1WfS4s99Pu_gVmqnN7OxE2DgFtCM4x9BaZ4thhMAOQgV6sMR2MPR8HQHQEUXhAQ9EEh7ZFq9SaSvbyfKTlpSb4fAF2gz6V:1odfxI:mTVErDR9dn_5Ylazz-5xy02xHkKo0LcCqMY0mu01XEg", "expire_date": "2022-10-12T22:55:04.132Z"}}, {"model": "sessions.session", "pk": "lqb2sqqqdg3oduk58v14zk4hh2wplq2t", "fields": {"session_data": "e30:1oe1CP:62gLX7JyYkzcRpDSUfovgt6YuLTzsfF1n1SVM2zZEA4", "expire_date": "2022-10-13T21:36:05.392Z"}}, {"model": "sessions.session", "pk": "sszmqohh4cf8zcy93fouvuj5609dwkq7", "fields": {"session_data": "eyJiYWciOnsiMiI6MiwiMyI6MX19:1oalaP:XOoo39UGOhfiMD45ptYXpq1FBkMv9sKyiRfUa_cHrjs", "expire_date": "2022-10-04T22:19:25.814Z"}}, {"model": "sessions.session", "pk": "vetx21vomcehcr86m5dr95spn1004y5y", "fields": {"session_data": ".eJxVjEEOwiAQRe_C2pCpbQfo0r1nIAMzsagBU9pEY7y7IelCt_-9_97K07bOfquy-MRqUp06_G6B4k1yA3ylfCk6lrwuKeim6J1WfS4s99Pu_gVmqnN7OxE2DgFtCM4x9BaZ4thhMAOQgV6sMR2MPR8HQHQEUXhAQ9EEh7ZFq9SaSvbyfKTlpSb4fAF2gz6V:1oe17F:rsswNzpuyht3EIUmHik4395n7eLDsqhE0uv-Vrthb7Q", "expire_date": "2022-10-13T21:30:45.533Z"}}, {"model": "sites.site", "pk": 1, "fields": {"domain": "blossomingbouquets.example.com", "name": "Blossoming bouquets"}}, {"model": "account.emailaddress", "pk": 1, "fields": {"user": 1, "email": "jaime@test.com", "verified": true, "primary": true}}, {"model": "account.emailaddress", "pk": 2, "fields": {"user": 2, "email": "test@jp.com", "verified": false, "primary": true}}, {"model": "account.emailaddress", "pk": 3, "fields": {"user": 3, "email": "jp@test.com", "verified": false, "primary": true}}, {"model": "account.emailaddress", "pk": 4, "fields": {"user": 4, "email": "jaimetest@jp.com", "verified": true, "primary": true}}, {"model": "bouquets.category", "pk": 1, "fields": {"name": "Wedding"}}, {"model": "bouquets.category", "pk": 2, "fields": {"name": "Any occasion"}}, {"model": "bouquets.category", "pk": 3, "fields": {"name": "Basket"}}, {"model": "bouquets.bouquet", "pk": 1, "fields": {"category": 1, "sku": "BB-BC-WED-01", "name": "Baby Blue", "description": "Luscious blue hydrangea paired with cream roses", "price": "30.00", "image": "baby-blue_3vWyoxK.jpg"}}, {"model": "bouquets.bouquet", "pk": 2, "fields": {"category": 2, "sku": "BB-BC-ANO-01", "name": "Blossoming Blue", "description": "A selection of cream roses and carnations coupled with blue hydrangea", "price": "25.00", "image": "blossoming-blue_UWTJiYy.jpg"}}, {"model": "bouquets.bouquet", "pk": 3, "fields": {"category": 2, "sku": "CL-CR-ANO-02", "name": "Crisp Linen", "description": "Gorgeous white asiatic lilies paired with cream carnations and roses", "price": "30.00", "image": "crisp-linen_6uMoSLp.jpg"}}, {"model": "bouquets.bouquet", "pk": 4, "fields": {"category": 2, "sku": "DS-CR-ANO-03", "name": "Delicate Snow", "description": "An array of cream roses", "price": "30.00", "image": "delicate-snow_Hm9RluO.jpg"}}, {"model": "bouquets.bouquet", "pk": 5, "fields": {"category": 2, "sku": "GR-RE-ANO-04", "name": "Glamorous Red", "description": "Dazzling red roses and chrysanthemum complimented with pansies and berries", "price": "35.00", "image": "glamorous-red_DOvtrSm.jpg"}}, {"model": "bouquets.bouquet", "pk": 6, "fields": {"category": 3, "sku": "IM-WH-BAS-01", "name": "Ivory Mist", "description": "Spray of Gyposohila", "price": "20.00", "image": "ivory-mist_sVASzdf.jpg"}}, {"model": "bouquets.bouquet", "pk": 7, "fields": {"category": 2, "sku": "JM-CP-ANO-05", "name": "Joyful Pink", "description": "Elegant pink roses and chrysanthemum paired with cream roses", "price": "30.00", "image": "joyful-pink_325iNhT.jpg"}}, {"model": "bouquets.bouquet", "pk": 8, "fields": {"category": 2, "sku": "PS-PE-ANO-06", "name": "Peach Swirl", "description": "A selection of peach roses", "price": "30.00", "image": "peach-swirl_21RWF50.jpg"}}, {"model": "bouquets.bouquet", "pk": 9, "fields": {"category": 3, "sku": "PS-PE-BAS-05", "name": "Pink Cascade", "description": "Delicate arrangement of pink roses and carnations", "price": "25.00", "image": "pink-cascade_9QwDh7y.jpg"}}, {"model": "bouquets.bouquet", "pk": 10, "fields": {"category": 3, "sku": "PC-CP-BAS-02", "name": "Pink Confetti", "description": "Cream carnation and pink roses complimented by cream gerbara daisy", "price": "25.00", "image": "pink-confetti_4Sz1y0R.jpg"}}, {"model": "bouquets.bouquet", "pk": 11, "fields": {"category": 2, "sku": "PP-PE-ANO-07", "name": "Pretty Peach", "description": "An array of pink carnations", "price": "20.00", "image": "pretty-pink_rt2MMZd.jpg"}}, {"model": "bouquets.bouquet", "pk": 12, "fields": {"category": 1, "sku": "PS-PW-WED-02", "name": "Pink Spray", "description": "Delicate pink roses in a bed of gyspophila", "price": "25.00", "image": "pink-spray_slCgSc1.jpg"}}, {"model": "bouquets.bouquet", "pk": 13, "fields": {"category": 2, "sku": "PP-CP-ANO-08", "name": "Precious Pink", "description": "Beautiful pink roses paired with cream hydrangea and carnations", "price": "25.00", "image": "precious-pink_vHmlXFI.jpg"}}, {"model": "bouquets.bouquet", "pk": 14, "fields": {"category": 2, "sku": "PP-PI-ANO-09", "name": "Pretty Pink", "description": "A selection of pink roses", "price": "30.00", "image": "pretty-pink_rvU1E5J.jpg"}}, {"model": "bouquets.bouquet", "pk": 15, "fields": {"category": 2, "sku": "PG-PP-ANO-10", "name": "Purple Galaxy", "description": "A selection of pink roses, purple and cream carnations and purple orchid", "price": "30.00", "image": "purple-galaxy_vCiDpOI.jpg"}}, {"model": "bouquets.bouquet", "pk": 16, "fields": {"category": 2, "sku": "PM-PP-ANO-11", "name": "Purple Mist", "description": "An assortment of pink roses, hydrangea and carnations with a spray of purple orchids", "price": "30.00", "image": "purple-mist_TU3nP6C.jpg"}}, {"model": "bouquets.bouquet", "pk": 17, "fields": {"category": 2, "sku": "PP-PU-ANO-12", "name": "Purple Plum", "description": "Bunch of pretty purple hydrangea", "price": "25.00", "image": "purple-plum_q9MPz1p.jpg"}}, {"model": "bouquets.bouquet", "pk": 18, "fields": {"category": 1, "sku": "SB-PY-WED-03", "name": "Spring Bloom", "description": "Pink and yellow roses in a sea of pink hydrangea", "price": "35.00", "image": ""}}, {"model": "bouquets.bouquet", "pk": 19, "fields": {"category": 2, "sku": "SB-BP-ANO-13", "name": "Summer Bloom", "description": "Peach roses, accompanied by peach and blue hydrangea", "price": "25.00", "image": "summer-bloom_nLo8GF7.jpg"}}, {"model": "bouquets.bouquet", "pk": 20, "fields": {"category": 3, "sku": "SG-YE-BAS-03", "name": "Summer Garden", "description": "Basket of yellow roses and daisies", "price": "30.00", "image": "summer-garden_uGw1XgP.jpg"}}, {"model": "bouquets.bouquet", "pk": 21, "fields": {"category": 1, "sku": "SM-PP-WED-04", "name": "Summer Meadow", "description": "Pink roses in a bed of purple hydrangea", "price": "30.00", "image": "summer-meadow_1ADwRva.jpg"}}, {"model": "bouquets.bouquet", "pk": 22, "fields": {"category": 1, "sku": "SR-PW-WED-05", "name": "Summer Rays", "description": "A selection of peach and white roses", "price": "29.00", "image": "summer-rays_Z5nd8Nx.jpg"}}, {"model": "bouquets.bouquet", "pk": 23, "fields": {"category": 2, "sku": "SS-YE-ANO-14", "name": "Summer Sunshine", "description": "A blend of yellow sunflowers, roses and daisies", "price": "25.00", "image": "summer-sunshine_EngKU4l.jpg"}}, {"model": "bouquets.bouquet", "pk": 24, "fields": {"category": 2, "sku": "SS-PU-ANO-15", "name": "Sunbeam Surprise", "description": "A bunch of pretty purple chrysanthemum", "price": "20.00", "image": "sunbeam-surprise_nHD1aYf.jpg"}}, {"model": "bouquets.bouquet", "pk": 25, "fields": {"category": 3, "sku": "SB-RE-BAS-04", "name": "Sweetheart Basket", "description": "Basket of luscious red and pink roses and alstroemaria", "price": "30.00", "image": "sweetheart-basket_tICVZas.jpg"}}, {"model": "bouquets.bouquet", "pk": 26, "fields": {"category": 2, "sku": "WB-WH-ANO-16", "name": "White Bloom", "description": "A bunch of elegant white dahlia", "price": "20.00", "image": "white-bloom_6fFXnPz.jpg"}}, {"model": "checkout.order", "pk": 3, "fields": {"order_number": "F9FCCB0F993D49FFA7BDF5C5A246005B", "user_profile": null, "full_name": "test", "email": "test@test.com", "phone_number": "12345678901", "country": "US", "postcode": null, "town_or_city": "test", "street_address1": "test", "street_address2": null, "county": null, "date": "2022-09-24T20:19:36.378Z", "delivery_cost": "0.00", "order_total": "60.00", "grand_total": "60.00", "original_bag": "", "stripe_pid": ""}}, {"model": "checkout.order", "pk": 4, "fields": {"order_number": "64829DD9137A4EF59C49872F601A539A", "user_profile": null, "full_name": "test", "email": "test@test.com", "phone_number": "12345678901", "country": "GB", "postcode": "test", "town_or_city": "test", "street_address1": "test", "street_address2": null, "county": null, "date": "2022-09-24T20:37:38.987Z", "delivery_cost": "0.00", "order_total": "75.00", "grand_total": "75.00", "original_bag": "", "stripe_pid": ""}}, {"model": "checkout.order", "pk": 5, "fields": {"order_number": "AB88AB16CFEC479C885BA8DC5CE4911A", "user_profile": null, "full_name": "test", "email": "test@test.com", "phone_number": "12345678901", "country": "US", "postcode": "test", "town_or_city": "test", "street_address1": "test", "street_address2": "test", "county": "test", "date": "2022-09-24T20:59:32.893Z", "delivery_cost": "0.00", "order_total": "75.00", "grand_total": "75.00", "original_bag": "", "stripe_pid": ""}}, {"model": "checkout.order", "pk": 6, "fields": {"order_number": "FDBF0CEFA709489D9B398F58220E820A", "user_profile": null, "full_name": "test", "email": "test@test.com", "phone_number": "12345678901", "country": "GB", "postcode": null, "town_or_city": "test", "street_address1": "test", "street_address2": null, "county": null, "date": "2022-09-24T21:55:06.162Z", "delivery_cost": "0.00", "order_total": "30.00", "grand_total": "30.00", "original_bag": "", "stripe_pid": ""}}, {"model": "checkout.order", "pk": 7, "fields": {"order_number": "86A1EB4A85FB4FEA88C4999F45FFB7EA", "user_profile": null, "full_name": "test", "email": "test@test.com", "phone_number": "12345678901", "country": "US", "postcode": null, "town_or_city": "test", "street_address1": "test", "street_address2": null, "county": null, "date": "2022-09-25T14:28:21.700Z", "delivery_cost": "0.00", "order_total": "30.00", "grand_total": "30.00", "original_bag": "", "stripe_pid": ""}}, {"model": "checkout.order", "pk": 8, "fields": {"order_number": "D6E06FBC141A4E0E880D553D07134B78", "user_profile": null, "full_name": "test", "email": "test@test.com", "phone_number": "12345678901", "country": "US", "postcode": null, "town_or_city": "TEST", "street_address1": "TEST", "street_address2": null, "county": null, "date": "2022-09-25T14:53:37.129Z", "delivery_cost": "2.50", "order_total": "25.00", "grand_total": "27.50", "original_bag": "", "stripe_pid": ""}}, {"model": "checkout.order", "pk": 9, "fields": {"order_number": "F672AFE3E7F547FB919B901390C69B56", "user_profile": null, "full_name": "test", "email": "test@test.com", "phone_number": "12345678901", "country": "US", "postcode": null, "town_or_city": "test", "street_address1": "test", "street_address2": null, "county": null, "date": "2022-09-25T15:07:45.942Z", "delivery_cost": "0.00", "order_total": "30.00", "grand_total": "30.00", "original_bag": "", "stripe_pid": ""}}, {"model": "checkout.order", "pk": 10, "fields": {"order_number": "EC012F48AADD411E978F0373566C8FEF", "user_profile": null, "full_name": "test", "email": "test@test.com", "phone_number": "12345678901", "country": "US", "postcode": null, "town_or_city": "test", "street_address1": "test", "street_address2": null, "county": null, "date": "2022-09-25T16:00:43.960Z", "delivery_cost": "0.00", "order_total": "0.00", "grand_total": "0.00", "original_bag": "", "stripe_pid": ""}}, {"model": "checkout.order", "pk": 11, "fields": {"order_number": "B048DF53C51A429D83D6C53D25EB1B5A", "user_profile": null, "full_name": "test", "email": "test@test.com", "phone_number": "12345678901", "country": "US", "postcode": null, "town_or_city": "test", "street_address1": "test", "street_address2": null, "county": null, "date": "2022-09-25T16:00:49.615Z", "delivery_cost": "2.50", "order_total": "25.00", "grand_total": "27.50", "original_bag": "{\"2\": 1}", "stripe_pid": "pi_3LlxEdGKPTVQspZA0CxOuXSZ"}}, {"model": "checkout.order", "pk": 12, "fields": {"order_number": "0BF22A0D583F4F289D4436A6B5A1D5FD", "user_profile": null, "full_name": "test", "email": "test@test.com", "phone_number": "12345678901", "country": "US", "postcode": null, "town_or_city": "test", "street_address1": "test", "street_address2": null, "county": null, "date": "2022-09-25T16:02:05.377Z", "delivery_cost": "2.50", "order_total": "25.00", "grand_total": "27.50", "original_bag": "{\"2\": 1}", "stripe_pid": "pi_3LlxEdGKPTVQspZA0CxOuXSZ"}}, {"model": "checkout.order", "pk": 13, "fields": {"order_number": "13859361EC064EE5B005CCE17462038D", "user_profile": null, "full_name": "test", "email": "test@test.com", "phone_number": "12345678901", "country": "US", "postcode": null, "town_or_city": "test", "street_address1": "test", "street_address2": null, "county": null, "date": "2022-09-25T16:04:43.567Z", "delivery_cost": "2.50", "order_total": "25.00", "grand_total": "27.50", "original_bag": "{\"13\": 1}", "stripe_pid": "pi_3LlxJQGKPTVQspZA0UFbZTEy"}}, {"model": "checkout.order", "pk": 14, "fields": {"order_number": "38CABD447A6D4C0A94044731551AA029", "user_profile": null, "full_name": "test", "email": "test@test.com", "phone_number": "12345678901", "country": "US", "postcode": null, "town_or_city": "test", "street_address1": "test", "street_address2": null, "county": null, "date": "2022-09-25T16:20:57.822Z", "delivery_cost": "0.00", "order_total": "30.00", "grand_total": "30.00", "original_bag": "{\"20\": 1}", "stripe_pid": "pi_3LlxYuGKPTVQspZA0pigADSo"}}, {"model": "checkout.order", "pk": 15, "fields": {"order_number": "52557FD566E548DAAE8A05B36E658F46", "user_profile": 4, "full_name": "testb", "email": "testb@hotmail.com", "phone_number": "12345678999", "country": "BS", "postcode": null, "town_or_city": "devon", "street_address1": "gresuly close", "street_address2": null, "county": null, "date": "2022-09-27T20:32:32.284Z", "delivery_cost": "2.50", "order_total": "25.00", "grand_total": "27.50", "original_bag": "{\"2\": 1}", "stripe_pid": "pi_3LmkQeGKPTVQspZA1F3Vag3c"}}, {"model": "checkout.order", "pk": 16, "fields": {"order_number": "EEF276DFA2104F92908F526265F510DA", "user_profile": 4, "full_name": "mrhat", "email": "jaimetest@jp.com", "phone_number": "12345678999", "country": "BS", "postcode": null, "town_or_city": "devon", "street_address1": "gresuly close", "street_address2": null, "county": null, "date": "2022-09-27T20:58:55.328Z", "delivery_cost": "0.00", "order_total": "60.00", "grand_total": "60.00", "original_bag": "{\"3\": 1, \"4\": 1}", "stripe_pid": "pi_3LmkrHGKPTVQspZA0cmAhRGc"}}, {"model": "checkout.order", "pk": 17, "fields": {"order_number": "F983E5B4A7F84C458D752494EACFB28B", "user_profile": 4, "full_name": "jp", "email": "jaimetest@jp.com", "phone_number": "12345678999", "country": "BS", "postcode": null, "town_or_city": "devon", "street_address1": "gresuly close", "street_address2": null, "county": null, "date": "2022-09-27T21:00:04.852Z", "delivery_cost": "0.00", "order_total": "30.00", "grand_total": "30.00", "original_bag": "{\"7\": 1}", "stripe_pid": "pi_3LmksWGKPTVQspZA0YGvx6Xy"}}, {"model": "checkout.order", "pk": 18, "fields": {"order_number": "2B71C377C42441CDAC2B689F44481C74", "user_profile": 4, "full_name": "j", "email": "jaimetest@jp.com", "phone_number": "12345678999", "country": "BS", "postcode": null, "town_or_city": "devon", "street_address1": "gresuly close", "street_address2": null, "county": null, "date": "2022-09-27T21:54:20.654Z", "delivery_cost": "2.50", "order_total": "25.00", "grand_total": "27.50", "original_bag": "{\"2\": 1}", "stripe_pid": "pi_3Lmlj1GKPTVQspZA1PgwxTw0"}}, {"model": "checkout.order", "pk": 19, "fields": {"order_number": "6F8397A3C23E42A0862296CBE2147CBB", "user_profile": 4, "full_name": "test", "email": "jaimetest@jp.com", "phone_number": "12345678999", "country": "BS", "postcode": null, "town_or_city": "devon", "street_address1": "gresuly close", "street_address2": null, "county": null, "date": "2022-09-28T18:07:57.476Z", "delivery_cost": "0.00", "order_total": "30.00", "grand_total": "30.00", "original_bag": "{\"3\": 1}", "stripe_pid": "pi_3Ln4fGGKPTVQspZA05ZgVR1E"}}, {"model": "checkout.order", "pk": 20, "fields": {"order_number": "95A1561F35EB4096B46EBD3AE6CB9B41", "user_profile": 4, "full_name": "test", "email": "jaimetest@jp.com", "phone_number": "12345678999", "country": "BS", "postcode": null, "town_or_city": "devon", "street_address1": "gresuly close", "street_address2": null, "county": null, "date": "2022-09-28T19:12:07.119Z", "delivery_cost": "0.00", "order_total": "30.00", "grand_total": "30.00", "original_bag": "{\"4\": 1}", "stripe_pid": "pi_3Ln5fSGKPTVQspZA0lZ3Xbjw"}}, {"model": "checkout.order", "pk": 21, "fields": {"order_number": "72DBC929FF5A46DEAF38D1F4AAF32CC6", "user_profile": 4, "full_name": "test", "email": "jaimetest@jp.com", "phone_number": "12345678999", "country": "BS", "postcode": null, "town_or_city": "devon", "street_address1": "gresuly close", "street_address2": null, "county": null, "date": "2022-09-28T19:15:49.739Z", "delivery_cost": "0.00", "order_total": "30.00", "grand_total": "30.00", "original_bag": "{\"4\": 1}", "stripe_pid": "pi_3Ln5j1GKPTVQspZA1k8lmA7q"}}, {"model": "checkout.orderlineitem", "pk": 11, "fields": {"order": 3, "bouquet": 26, "quantity": 3, "lineitem_total": "60.00"}}, {"model": "checkout.orderlineitem", "pk": 12, "fields": {"order": 4, "bouquet": 10, "quantity": 3, "lineitem_total": "75.00"}}, {"model": "checkout.orderlineitem", "pk": 13, "fields": {"order": 5, "bouquet": 3, "quantity": 1, "lineitem_total": "30.00"}}, {"model": "checkout.orderlineitem", "pk": 14, "fields": {"order": 5, "bouquet": 13, "quantity": 1, "lineitem_total": "25.00"}}, {"model": "checkout.orderlineitem", "pk": 15, "fields": {"order": 5, "bouquet": 11, "quantity": 1, "lineitem_total": "20.00"}}, {"model": "checkout.orderlineitem", "pk": 16, "fields": {"order": 6, "bouquet": 15, "quantity": 1, "lineitem_total": "30.00"}}, {"model": "checkout.orderlineitem", "pk": 17, "fields": {"order": 7, "bouquet": 16, "quantity": 1, "lineitem_total": "30.00"}}, {"model": "checkout.orderlineitem", "pk": 18, "fields": {"order": 8, "bouquet": 2, "quantity": 1, "lineitem_total": "25.00"}}, {"model": "checkout.orderlineitem", "pk": 19, "fields": {"order": 9, "bouquet": 4, "quantity": 1, "lineitem_total": "30.00"}}, {"model": "checkout.orderlineitem", "pk": 20, "fields": {"order": 11, "bouquet": 2, "quantity": 1, "lineitem_total": "25.00"}}, {"model": "checkout.orderlineitem", "pk": 21, "fields": {"order": 12, "bouquet": 2, "quantity": 1, "lineitem_total": "25.00"}}, {"model": "checkout.orderlineitem", "pk": 22, "fields": {"order": 13, "bouquet": 13, "quantity": 1, "lineitem_total": "25.00"}}, {"model": "checkout.orderlineitem", "pk": 23, "fields": {"order": 14, "bouquet": 20, "quantity": 1, "lineitem_total": "30.00"}}, {"model": "checkout.orderlineitem", "pk": 24, "fields": {"order": 15, "bouquet": 2, "quantity": 1, "lineitem_total": "25.00"}}, {"model": "checkout.orderlineitem", "pk": 25, "fields": {"order": 16, "bouquet": 3, "quantity": 1, "lineitem_total": "30.00"}}, {"model": "checkout.orderlineitem", "pk": 26, "fields": {"order": 16, "bouquet": 4, "quantity": 1, "lineitem_total": "30.00"}}, {"model": "checkout.orderlineitem", "pk": 27, "fields": {"order": 17, "bouquet": 7, "quantity": 1, "lineitem_total": "30.00"}}, {"model": "checkout.orderlineitem", "pk": 28, "fields": {"order": 18, "bouquet": 2, "quantity": 1, "lineitem_total": "25.00"}}, {"model": "checkout.orderlineitem", "pk": 29, "fields": {"order": 19, "bouquet": 3, "quantity": 1, "lineitem_total": "30.00"}}, {"model": "checkout.orderlineitem", "pk": 30, "fields": {"order": 20, "bouquet": 4, "quantity": 1, "lineitem_total": "30.00"}}, {"model": "checkout.orderlineitem", "pk": 31, "fields": {"order": 21, "bouquet": 4, "quantity": 1, "lineitem_total": "30.00"}}, {"model": "profiles.userprofile", "pk": 1, "fields": {"user": 1, "default_phone_number": null, "default_street_address1": null, "default_street_address2": null, "default_town_or_city": null, "default_county": null, "default_postcode": null, "default_country": null}}, {"model": "profiles.userprofile", "pk": 2, "fields": {"user": 2, "default_phone_number": null, "default_street_address1": null, "default_street_address2": null, "default_town_or_city": null, "default_county": null, "default_postcode": null, "default_country": null}}, {"model": "profiles.userprofile", "pk": 3, "fields": {"user": 3, "default_phone_number": null, "default_street_address1": null, "default_street_address2": null, "default_town_or_city": null, "default_county": null, "default_postcode": null, "default_country": null}}, {"model": "profiles.userprofile", "pk": 4, "fields": {"user": 4, "default_phone_number": "12345678999", "default_street_address1": "gresuly close", "default_street_address2": null, "default_town_or_city": "devon", "default_county": null, "default_postcode": null, "default_country": "BS"}}]